ListingID,Title,UserID,baseurl,Price,AboutListing,HostName,MemberDate,Lat,Long,BookInstantly,Cancellation,OverallCounter,PageCounter,PageNumber,A_AC,A_Breakfast,A_CableTV,A_CarbonMonoxDetector,A_Doorman,A_Dryer,A_TV,A_Elevator,A_Essentials,A_Events,A_FamilyFriendly,A_FireExt,A_Fireplace,A_FirstAidKit,A_Gym,A_Heat,A_HotTub,A_Intercom,A_Internet,A_Kitchen,A_Parking,A_Pets,A_Pool,A_SafetyCard,A_Shampoo,A_SmokeDetector,A_Smoking,A_Washer,A_Wheelchair,P_Cleaning,P_Deposit,P_ExtraPeople,P_Monthly,P_Weekly,R_CI,R_acc,R_clean,R_comm,R_loc,R_val,RespRate,RespTime,S_Accomodates,S_Bathrooms,S_BedType,S_Bedrooms,S_CheckIn,S_Checkout,S_NumBeds,S_PropType,ShortDesc
5396686,Amazing Downtown Loft!,15845314,https://www.airbnb.com/s/Houston-TX?guests=4&room_types%5B%5D=Entire+home%2Fapt&page=1,75,,,,29.750208853322718,-95.35526690564983,No,,1,1,1,,,,,,,,,,,,,,,,,,,,,,,,,,,,,,,,,,,,,,,,,,,,,,,,,,,
8151661,Stylish Med Center Apartment 2038,28410536,https://www.airbnb.com/s/Houston-TX?guests=4&room_types%5B%5D=Entire+home%2Fapt&page=1,100,,,,29.700067112764398,-95.40471013994394,No,,2,2,1,,,,,,,,,,,,,,,,,,,,,,,,,,,,,,,,,,,,,,,,,,,,,,,,,,,
4358898,Downtown Loft/Studio,22625933,https://www.airbnb.com/s/Houston-TX?guests=4&room_types%5B%5D=Entire+home%2Fapt&page=1,155,,,,29.768423338340728,-95.35293992305023,No,,3,3,1,,,,,,,,,,,,,,,,,,,,,,,,,,,,,,,,,,,,,,,,,,,,,,,,,,,
9170112,Downtown High Rise | Amazing View,14703060,https://www.airbnb.com/s/Houston-TX?guests=4&room_types%5B%5D=Entire+home%2Fapt&page=1,110,,,,29.751746106093698,-95.36802651518695,No,,4,4,1,,,,,,,,,,,,,,,,,,,,,,,,,,,,,,,,,,,,,,,,,,,,,,,,,,,
12520470,Nice and clean townhome furnished,67813928,https://www.airbnb.com/s/Houston-TX?guests=4&room_types%5B%5D=Entire+home%2Fapt&page=1,79,,,,29.78474312791876,-95.570759164515,No,,5,5,1,,,,,,,,,,,,,,,,,,,,,,,,,,,,,,,,,,,,,,,,,,,,,,,,,,,
12814768,Modern Apartment in Midtown,246072,https://www.airbnb.com/s/Houston-TX?guests=4&room_types%5B%5D=Entire+home%2Fapt&page=1,95,,,,29.73891735664455,-95.37100140424049,No,,6,6,1,,,,,,,,,,,,,,,,,,,,,,,,,,,,,,,,,,,,,,,,,,,,,,,,,,,
6671751,Med Center Condo/Walk 2 NRG & Rail,3905103,https://www.airbnb.com/s/Houston-TX?guests=4&room_types%5B%5D=Entire+home%2Fapt&page=1,96,,,,29.696874764334815,-95.41052162955214,No,,7,7,1,,,,,,,,,,,,,,,,,,,,,,,,,,,,,,,,,,,,,,,,,,,,,,,,,,,
2414344,Cozy Inner Loop Heights Cottage,499201,https://www.airbnb.com/s/Houston-TX?guests=4&room_types%5B%5D=Entire+home%2Fapt&page=1,83,,,,29.79082643983669,-95.3705671461471,No,,8,8,1,,,,,,,,,,,,,,,,,,,,,,,,,,,,,,,,,,,,,,,,,,,,,,,,,,,
10744111,Luxe appartement!,41378415,https://www.airbnb.com/s/Houston-TX?guests=4&room_types%5B%5D=Entire+home%2Fapt&page=1,95,,,,29.73709075409681,-95.46391532231647,No,,9,9,1,,,,,,,,,,,,,,,,,,,,,,,,,,,,,,,,,,,,,,,,,,,,,,,,,,,
12064538,Quaint garden cottage in Houston,56629688,https://www.airbnb.com/s/Houston-TX?guests=4&room_types%5B%5D=Entire+home%2Fapt&page=1,44,,,,29.729854130139746,-95.32380765000424,No,,10,10,1,,,,,,,,,,,,,,,,,,,,,,,,,,,,,,,,,,,,,,,,,,,,,,,,,,,
12474898,Efficient Luxury - Garage Apartment,22122892,https://www.airbnb.com/s/Houston-TX?guests=4&room_types%5B%5D=Entire+home%2Fapt&page=1,65,,,,29.705059109347577,-95.37045426904243,No,,11,11,1,,,,,,,,,,,,,,,,,,,,,,,,,,,,,,,,,,,,,,,,,,,,,,,,,,,
9195158,Elegant Midtown/ Montrose townhouse,12061005,https://www.airbnb.com/s/Houston-TX?guests=4&room_types%5B%5D=Entire+home%2Fapt&page=1,150,,,,29.74710449300587,-95.38200836594322,No,,12,12,1,,,,,,,,,,,,,,,,,,,,,,,,,,,,,,,,,,,,,,,,,,,,,,,,,,,
8541471,Charming Montrose Bungalow,9463482,https://www.airbnb.com/s/Houston-TX?guests=4&room_types%5B%5D=Entire+home%2Fapt&page=1,99,,,,29.74788728906874,-95.39692554387678,No,,13,13,1,,,,,,,,,,,,,,,,,,,,,,,,,,,,,,,,,,,,,,,,,,,,,,,,,,,
12543212,"Upper Kirby, Med center, Montrose",16533520,https://www.airbnb.com/s/Houston-TX?guests=4&room_types%5B%5D=Entire+home%2Fapt&page=1,118,,,,29.735942255987986,-95.41466041853599,No,,14,14,1,,,,,,,,,,,,,,,,,,,,,,,,,,,,,,,,,,,,,,,,,,,,,,,,,,,
7804160,Galleria/Fully furnished/Bills paid,41078416,https://www.airbnb.com/s/Houston-TX?guests=4&room_types%5B%5D=Entire+home%2Fapt&page=1,69,,,,29.752760032477283,-95.45710767270621,No,,15,15,1,,,,,,,,,,,,,,,,,,,,,,,,,,,,,,,,,,,,,,,,,,,,,,,,,,,
8755226,Luxury 3-story Townhouse in Midtown,11110209,https://www.airbnb.com/s/Houston-TX?guests=4&room_types%5B%5D=Entire+home%2Fapt&page=1,119,,,,29.75561715619424,-95.37787190305406,No,,16,16,1,,,,,,,,,,,,,,,,,,,,,,,,,,,,,,,,,,,,,,,,,,,,,,,,,,,
7743128,Unique cottage near Downtown,9926481,https://www.airbnb.com/s/Houston-TX?guests=4&room_types%5B%5D=Entire+home%2Fapt&page=1,119,,,,29.8064899151036,-95.35729425473757,No,,17,17,1,,,,,,,,,,,,,,,,,,,,,,,,,,,,,,,,,,,,,,,,,,,,,,,,,,,
12762354,Peden House,40419652,https://www.airbnb.com/s/Houston-TX?guests=4&room_types%5B%5D=Entire+home%2Fapt&page=1,125,,,,29.753631123140202,-95.3907916463213,No,,18,18,1,,,,,,,,,,,,,,,,,,,,,,,,,,,,,,,,,,,,,,,,,,,,,,,,,,,
6866186,Cute Heights Apt - Walk Everywhere!,16575058,https://www.airbnb.com/s/Houston-TX?guests=4&room_types%5B%5D=Entire+home%2Fapt&page=2,129,,,,29.781548557246232,-95.39594277231159,No,,2,1,2,,,,,,,,,,,,,,,,,,,,,,,,,,,,,,,,,,,,,,,,,,,,,,,,,,,
11776920,Unique 2bed/2bath in Westchase Dist,41078416,https://www.airbnb.com/s/Houston-TX?guests=4&room_types%5B%5D=Entire+home%2Fapt&page=2,65,,,,29.760768756366794,-95.3692751655877,No,,4,2,2,,,,,,,,,,,,,,,,,,,,,,,,,,,,,,,,,,,,,,,,,,,,,,,,,,,
11253885,Cozy Garage Studio Apt (Galleria!),13320614,https://www.airbnb.com/s/Houston-TX?guests=4&room_types%5B%5D=Entire+home%2Fapt&page=2,71,,,,29.739026757383012,-95.44648473194017,No,,6,3,2,,,,,,,,,,,,,,,,,,,,,,,,,,,,,,,,,,,,,,,,,,,,,,,,,,,
7357533,Prime Location Midtown Condo,38513394,https://www.airbnb.com/s/Houston-TX?guests=4&room_types%5B%5D=Entire+home%2Fapt&page=2,135,,,,29.739344685158155,-95.37119582070079,No,,8,4,2,,,,,,,,,,,,,,,,,,,,,,,,,,,,,,,,,,,,,,,,,,,,,,,,,,,
1923881,2/1 Bungalow 5 min to downtown,3568958,https://www.airbnb.com/s/Houston-TX?guests=4&room_types%5B%5D=Entire+home%2Fapt&page=2,169,,,,29.792917454375747,-95.37643733540662,No,,10,5,2,,,,,,,,,,,,,,,,,,,,,,,,,,,,,,,,,,,,,,,,,,,,,,,,,,,
10359833,Heights Guest House,24369562,https://www.airbnb.com/s/Houston-TX?guests=4&room_types%5B%5D=Entire+home%2Fapt&page=2,100,,,,29.78411295107411,-95.40269415044742,No,,12,6,2,,,,,,,,,,,,,,,,,,,,,,,,,,,,,,,,,,,,,,,,,,,,,,,,,,,
6131689,Luxury Condo/Houston Heights # 1140,11290387,https://www.airbnb.com/s/Houston-TX?guests=4&room_types%5B%5D=Entire+home%2Fapt&page=2,99,,,,29.77746611650514,-95.3919089893962,No,,14,7,2,,,,,,,,,,,,,,,,,,,,,,,,,,,,,,,,,,,,,,,,,,,,,,,,,,,
11700048,2BR/1BA prime spot in Montrose,20558131,https://www.airbnb.com/s/Houston-TX?guests=4&room_types%5B%5D=Entire+home%2Fapt&page=2,118,,,,29.74196990866392,-95.40301828330267,No,,16,8,2,,,,,,,,,,,,,,,,,,,,,,,,,,,,,,,,,,,,,,,,,,,,,,,,,,,
1782044,2 Bedroom Montrose Townhouse,6521790,https://www.airbnb.com/s/Houston-TX?guests=4&room_types%5B%5D=Entire+home%2Fapt&page=2,100,,,,29.753297120223078,-95.39764475932498,No,,18,9,2,,,,,,,,,,,,,,,,,,,,,,,,,,,,,,,,,,,,,,,,,,,,,,,,,,,
7368754,Downtown Houston - Clean & Secure,15213490,https://www.airbnb.com/s/Houston-TX?guests=4&room_types%5B%5D=Entire+home%2Fapt&page=2,85,,,,29.752134336464987,-95.35347489202579,No,,20,10,2,,,,,,,,,,,,,,,,,,,,,,,,,,,,,,,,,,,,,,,,,,,,,,,,,,,
8822609,Luxury Medical Center NRG Stadium,8369519,https://www.airbnb.com/s/Houston-TX?guests=4&room_types%5B%5D=Entire+home%2Fapt&page=2,109,,,,29.70026585493419,-95.42060442627049,No,,22,11,2,,,,,,,,,,,,,,,,,,,,,,,,,,,,,,,,,,,,,,,,,,,,,,,,,,,
4617153,Modern Midtown Studio,3818779,https://www.airbnb.com/s/Houston-TX?guests=4&room_types%5B%5D=Entire+home%2Fapt&page=2,149,,,,29.753552202789702,-95.37578340468626,No,,24,12,2,,,,,,,,,,,,,,,,,,,,,,,,,,,,,,,,,,,,,,,,,,,,,,,,,,,
1033590,Architect Designed Home,3672127,https://www.airbnb.com/s/Houston-TX?guests=4&room_types%5B%5D=Entire+home%2Fapt&page=2,175,,,,29.792919877579685,-95.37916828702124,No,,26,13,2,,,,,,,,,,,,,,,,,,,,,,,,,,,,,,,,,,,,,,,,,,,,,,,,,,,
12253028,Stylish Downtown Loft,2065864,https://www.airbnb.com/s/Houston-TX?guests=4&room_types%5B%5D=Entire+home%2Fapt&page=2,130,,,,29.761229168952518,-95.3621927128015,No,,28,14,2,,,,,,,,,,,,,,,,,,,,,,,,,,,,,,,,,,,,,,,,,,,,,,,,,,,
9330587,Views. Central. Parking. On Rail.,437750,https://www.airbnb.com/s/Houston-TX?guests=4&room_types%5B%5D=Entire+home%2Fapt&page=2,97,,,,29.748511648136766,-95.37315515129731,No,,30,15,2,,,,,,,,,,,,,,,,,,,,,,,,,,,,,,,,,,,,,,,,,,,,,,,,,,,
9736597,"West Houston, Shopping Area",50235330,https://www.airbnb.com/s/Houston-TX?guests=4&room_types%5B%5D=Entire+home%2Fapt&page=2,90,,,,29.728793300541813,-95.56707412589634,No,,32,16,2,,,,,,,,,,,,,,,,,,,,,,,,,,,,,,,,,,,,,,,,,,,,,,,,,,,
7964001,CHARMING 2 BEDROOM TOWNHOUSE,42017882,https://www.airbnb.com/s/Houston-TX?guests=4&room_types%5B%5D=Entire+home%2Fapt&page=2,110,,,,29.786495970197095,-95.58538808169878,No,,34,17,2,,,,,,,,,,,,,,,,,,,,,,,,,,,,,,,,,,,,,,,,,,,,,,,,,,,
10521573,"Spacious, bright 1BR in Montrose",23207155,https://www.airbnb.com/s/Houston-TX?guests=4&room_types%5B%5D=Entire+home%2Fapt&page=2,105,,,,29.73422718849799,-95.40813496008856,No,,36,18,2,,,,,,,,,,,,,,,,,,,,,,,,,,,,,,,,,,,,,,,,,,,,,,,,,,,
10592163,Cozy Bohemian Cottage,32632893,https://www.airbnb.com/s/Houston-TX?guests=4&room_types%5B%5D=Entire+home%2Fapt&page=3,75,,,,29.80865131668962,-95.35929486387288,No,,3,1,3,,,,,,,,,,,,,,,,,,,,,,,,,,,,,,,,,,,,,,,,,,,,,,,,,,,
11100710,"Bright, New Heights Guest House",55456883,https://www.airbnb.com/s/Houston-TX?guests=4&room_types%5B%5D=Entire+home%2Fapt&page=3,95,,,,29.790720583090234,-95.40556055269096,No,,6,2,3,,,,,,,,,,,,,,,,,,,,,,,,,,,,,,,,,,,,,,,,,,,,,,,,,,,
8810985,Beautiful River Oaks Townhouse,45943322,https://www.airbnb.com/s/Houston-TX?guests=4&room_types%5B%5D=Entire+home%2Fapt&page=3,199,,,,29.748354808655165,-95.40552546021931,No,,9,3,3,,,,,,,,,,,,,,,,,,,,,,,,,,,,,,,,,,,,,,,,,,,,,,,,,,,
3200481,Unique Loft near Rice U & Med Cent.,7765128,https://www.airbnb.com/s/Houston-TX?guests=4&room_types%5B%5D=Entire+home%2Fapt&page=3,105,,,,29.724992602586802,-95.41292253112931,No,,12,4,3,,,,,,,,,,,,,,,,,,,,,,,,,,,,,,,,,,,,,,,,,,,,,,,,,,,
5459145,Modern Loft Apt Great Location!,28316548,https://www.airbnb.com/s/Houston-TX?guests=4&room_types%5B%5D=Entire+home%2Fapt&page=3,130,,,,29.736677833944242,-95.4161647518973,No,,15,5,3,,,,,,,,,,,,,,,,,,,,,,,,,,,,,,,,,,,,,,,,,,,,,,,,,,,
9190364,Near Tex Medical Center & Galleria,141472,https://www.airbnb.com/s/Houston-TX?guests=4&room_types%5B%5D=Entire+home%2Fapt&page=3,113,,,,29.6922479484936,-95.43634140557812,No,,18,6,3,,,,,,,,,,,,,,,,,,,,,,,,,,,,,,,,,,,,,,,,,,,,,,,,,,,
12110254,Hansel & Gretel's Tech Getaway,59451381,https://www.airbnb.com/s/Houston-TX?guests=4&room_types%5B%5D=Entire+home%2Fapt&page=3,250,,,,29.7594016298795,-95.36889546291142,No,,21,7,3,,,,,,,,,,,,,,,,,,,,,,,,,,,,,,,,,,,,,,,,,,,,,,,,,,,
6490075,Modern Home on Washington Corridor,33404737,https://www.airbnb.com/s/Houston-TX?guests=4&room_types%5B%5D=Entire+home%2Fapt&page=3,130,,,,29.77435593353722,-95.39365403818589,No,,24,8,3,,,,,,,,,,,,,,,,,,,,,,,,,,,,,,,,,,,,,,,,,,,,,,,,,,,
9174852,Charming Apartment in Heights,34080887,https://www.airbnb.com/s/Houston-TX?guests=4&room_types%5B%5D=Entire+home%2Fapt&page=3,146,,,,29.79497033238269,-95.4096937619331,No,,27,9,3,,,,,,,,,,,,,,,,,,,,,,,,,,,,,,,,,,,,,,,,,,,,,,,,,,,
8483837,"Cozy, Quiet Patio Heights Home",44681153,https://www.airbnb.com/s/Houston-TX?guests=4&room_types%5B%5D=Entire+home%2Fapt&page=3,159,,,,29.78528937824931,-95.38568631952677,No,,30,10,3,,,,,,,,,,,,,,,,,,,,,,,,,,,,,,,,,,,,,,,,,,,,,,,,,,,
2716696,ON RAIL CLOSE 2 DOWNTOWN + MED CNTR,13775568,https://www.airbnb.com/s/Houston-TX?guests=4&room_types%5B%5D=Entire+home%2Fapt&page=3,117,,,,29.737485364652702,-95.38237240106741,No,,33,11,3,,,,,,,,,,,,,,,,,,,,,,,,,,,,,,,,,,,,,,,,,,,,,,,,,,,
11022510,Great place in EaDo,5415332,https://www.airbnb.com/s/Houston-TX?guests=4&room_types%5B%5D=Entire+home%2Fapt&page=3,119,,,,29.75115166454115,-95.35359217394891,No,,36,12,3,,,,,,,,,,,,,,,,,,,,,,,,,,,,,,,,,,,,,,,,,,,,,,,,,,,
8992375,"Montrose & More, At Your Doorstep",3799898,https://www.airbnb.com/s/Houston-TX?guests=4&room_types%5B%5D=Entire+home%2Fapt&page=3,165,,,,29.748138442700665,-95.39330010721334,No,,39,13,3,,,,,,,,,,,,,,,,,,,,,,,,,,,,,,,,,,,,,,,,,,,,,,,,,,,
11950409,"2/1+patio, W/D Mdcl Cntr, Upgrades",62850642,https://www.airbnb.com/s/Houston-TX?guests=4&room_types%5B%5D=Entire+home%2Fapt&page=3,119,,,,29.698356175311083,-95.39149159788039,No,,42,14,3,,,,,,,,,,,,,,,,,,,,,,,,,,,,,,,,,,,,,,,,,,,,,,,,,,,
11737757,2/1 Bungalow minutes from Downtown,22623861,https://www.airbnb.com/s/Houston-TX?guests=4&room_types%5B%5D=Entire+home%2Fapt&page=3,104,,,,29.80544330838351,-95.37760365269207,No,,45,15,3,,,,,,,,,,,,,,,,,,,,,,,,,,,,,,,,,,,,,,,,,,,,,,,,,,,
7480926,Luxury 1 BDR Apt in a Garden Resort,39170287,https://www.airbnb.com/s/Houston-TX?guests=4&room_types%5B%5D=Entire+home%2Fapt&page=3,49,,,,29.739503478873704,-95.444482520778,No,,48,16,3,,,,,,,,,,,,,,,,,,,,,,,,,,,,,,,,,,,,,,,,,,,,,,,,,,,
10969967,Charming condo in Montrose/Midtown,34939565,https://www.airbnb.com/s/Houston-TX?guests=4&room_types%5B%5D=Entire+home%2Fapt&page=3,90,,,,29.74760275371601,-95.38075721477553,No,,51,17,3,,,,,,,,,,,,,,,,,,,,,,,,,,,,,,,,,,,,,,,,,,,,,,,,,,,
8054187,Modern Private Apt in Heights,7795460,https://www.airbnb.com/s/Houston-TX?guests=4&room_types%5B%5D=Entire+home%2Fapt&page=3,119,,,,29.805207446218983,-95.40328642998202,No,,54,18,3,,,,,,,,,,,,,,,,,,,,,,,,,,,,,,,,,,,,,,,,,,,,,,,,,,,
6338689,Condo near Tx Med Center & Galleria,141472,https://www.airbnb.com/s/Houston-TX?guests=4&room_types%5B%5D=Entire+home%2Fapt&page=4,97,,,,29.69203417277971,-95.4370770101097,No,,4,1,4,,,,,,,,,,,,,,,,,,,,,,,,,,,,,,,,,,,,,,,,,,,,,,,,,,,
11440505,Quaint 1920's home w/ unique charm.,1865268,https://www.airbnb.com/s/Houston-TX?guests=4&room_types%5B%5D=Entire+home%2Fapt&page=4,190,,,,29.767208718154983,-95.40742203661505,No,,8,2,4,,,,,,,,,,,,,,,,,,,,,,,,,,,,,,,,,,,,,,,,,,,,,,,,,,,
8953399,New Modern Chic 2 BD/bath & garage,46795926,https://www.airbnb.com/s/Houston-TX?guests=4&room_types%5B%5D=Entire+home%2Fapt&page=4,100,,,,29.6887943593482,-95.39450647544543,No,,12,3,4,,,,,,,,,,,,,,,,,,,,,,,,,,,,,,,,,,,,,,,,,,,,,,,,,,,
6675730,Midtown 3 story townhome,34939565,https://www.airbnb.com/s/Houston-TX?guests=4&room_types%5B%5D=Entire+home%2Fapt&page=4,200,,,,29.740830366990977,-95.36832682604225,No,,16,4,4,,,,,,,,,,,,,,,,,,,,,,,,,,,,,,,,,,,,,,,,,,,,,,,,,,,
2691575,"MONTROSE / MIDTOWN, 1 bdrm + study ",13775568,https://www.airbnb.com/s/Houston-TX?guests=4&room_types%5B%5D=Entire+home%2Fapt&page=4,109,,,,29.744366494777374,-95.38722728918162,No,,20,5,4,,,,,,,,,,,,,,,,,,,,,,,,,,,,,,,,,,,,,,,,,,,,,,,,,,,
6912011,Downtown Houston Penthouse,22623861,https://www.airbnb.com/s/Houston-TX?guests=4&room_types%5B%5D=Entire+home%2Fapt&page=4,135,,,,29.751712290997084,-95.36852571595736,No,,24,6,4,,,,,,,,,,,,,,,,,,,,,,,,,,,,,,,,,,,,,,,,,,,,,,,,,,,
12778309,Beautiful 4 bedrm 20m from Downtown,69526932,https://www.airbnb.com/s/Houston-TX?guests=4&room_types%5B%5D=Entire+home%2Fapt&page=4,150,,,,29.597878850451966,-95.61111197457429,No,,28,7,4,,,,,,,,,,,,,,,,,,,,,,,,,,,,,,,,,,,,,,,,,,,,,,,,,,,
7695032,Well Appointed Townhouse in Midtown,6541015,https://www.airbnb.com/s/Houston-TX?guests=4&room_types%5B%5D=Entire+home%2Fapt&page=4,180,,,,29.73843664718459,-95.3696983860579,No,,32,8,4,,,,,,,,,,,,,,,,,,,,,,,,,,,,,,,,,,,,,,,,,,,,,,,,,,,
7272375,"3-Story, 3 Bdrm Condo w/Pool Access",38075798,https://www.airbnb.com/s/Houston-TX?guests=4&room_types%5B%5D=Entire+home%2Fapt&page=4,105,,,,29.885485398460233,-95.5415512034174,No,,36,9,4,,,,,,,,,,,,,,,,,,,,,,,,,,,,,,,,,,,,,,,,,,,,,,,,,,,
5970321,Luxury New Apt. Energy Corridor,30447779,https://www.airbnb.com/s/Houston-TX?guests=4&room_types%5B%5D=Entire+home%2Fapt&page=4,94,,,,29.778770184128494,-95.61730402834064,No,,40,10,4,,,,,,,,,,,,,,,,,,,,,,,,,,,,,,,,,,,,,,,,,,,,,,,,,,,
7937438,Downtown condo! Walk to many places,41856688,https://www.airbnb.com/s/Houston-TX?guests=4&room_types%5B%5D=Entire+home%2Fapt&page=4,89,,,,29.749986639986812,-95.35354040795471,No,,44,11,4,,,,,,,,,,,,,,,,,,,,,,,,,,,,,,,,,,,,,,,,,,,,,,,,,,,
11185971,LOVELY 2 BEDROOM TOWNHOUSE,42017882,https://www.airbnb.com/s/Houston-TX?guests=4&room_types%5B%5D=Entire+home%2Fapt&page=4,105,,,,29.786089045868575,-95.58375789551705,No,,48,12,4,,,,,,,,,,,,,,,,,,,,,,,,,,,,,,,,,,,,,,,,,,,,,,,,,,,
6314046,Beautiful Fully furnished 4 bethrm,12356942,https://www.airbnb.com/s/Houston-TX?guests=4&room_types%5B%5D=Entire+home%2Fapt&page=4,139,,,,29.60195644365126,-95.66468509376078,No,,52,13,4,,,,,,,,,,,,,,,,,,,,,,,,,,,,,,,,,,,,,,,,,,,,,,,,,,,
11207643,Cozy apartment close to Galleria,58364906,https://www.airbnb.com/s/Houston-TX?guests=4&room_types%5B%5D=Entire+home%2Fapt&page=4,50,,,,29.73859849018629,-95.50794469306574,No,,56,14,4,,,,,,,,,,,,,,,,,,,,,,,,,,,,,,,,,,,,,,,,,,,,,,,,,,,
7340778,Cozy space in a fabulous locale,38457342,https://www.airbnb.com/s/Houston-TX?guests=4&room_types%5B%5D=Entire+home%2Fapt&page=4,90,,,,29.74686165367564,-95.39874764389693,No,,60,15,4,,,,,,,,,,,,,,,,,,,,,,,,,,,,,,,,,,,,,,,,,,,,,,,,,,,
8808894,Petite Heights Home!,11064031,https://www.airbnb.com/s/Houston-TX?guests=4&room_types%5B%5D=Entire+home%2Fapt&page=4,110,,,,29.78770560919218,-95.4052107795491,No,,64,16,4,,,,,,,,,,,,,,,,,,,,,,,,,,,,,,,,,,,,,,,,,,,,,,,,,,,
10271915,Spacious 3B/3BA Midtown Townhome!,19272476,https://www.airbnb.com/s/Houston-TX?guests=4&room_types%5B%5D=Entire+home%2Fapt&page=4,141,,,,29.740571474352162,-95.37120296098679,No,,68,17,4,,,,,,,,,,,,,,,,,,,,,,,,,,,,,,,,,,,,,,,,,,,,,,,,,,,
10982085,Nice condo in the heart of Galleria,10212886,https://www.airbnb.com/s/Houston-TX?guests=4&room_types%5B%5D=Entire+home%2Fapt&page=4,119,,,,29.74854203954275,-95.46112299914103,No,,72,18,4,,,,,,,,,,,,,,,,,,,,,,,,,,,,,,,,,,,,,,,,,,,,,,,,,,,
7062898,Hip/Central EaDo Loft! Dog Friendly,10589935,https://www.airbnb.com/s/Houston-TX?guests=4&room_types%5B%5D=Entire+home%2Fapt&page=5,210,,,,29.746884257239433,-95.35271128150876,No,,5,1,5,,,,,,,,,,,,,,,,,,,,,,,,,,,,,,,,,,,,,,,,,,,,,,,,,,,
2501706,Carriage house near museums/medical,12679801,https://www.airbnb.com/s/Houston-TX?guests=4&room_types%5B%5D=Entire+home%2Fapt&page=5,70,,,,29.718804724278897,-95.37650810818701,No,,10,2,5,,,,,,,,,,,,,,,,,,,,,,,,,,,,,,,,,,,,,,,,,,,,,,,,,,,
6093587,1BD Apartment in Houston Heights,31623883,https://www.airbnb.com/s/Houston-TX?guests=4&room_types%5B%5D=Entire+home%2Fapt&page=5,115,,,,29.78169845226238,-95.3843606968944,No,,15,3,5,,,,,,,,,,,,,,,,,,,,,,,,,,,,,,,,,,,,,,,,,,,,,,,,,,,
12141785,Hip Midcentury Studio in Third Ward,38244942,https://www.airbnb.com/s/Houston-TX?guests=4&room_types%5B%5D=Entire+home%2Fapt&page=5,84,,,,29.730531312461803,-95.36952978225004,No,,20,4,5,,,,,,,,,,,,,,,,,,,,,,,,,,,,,,,,,,,,,,,,,,,,,,,,,,,
12423979,2/2 Walk Everywhere Perfect Home,25863992,https://www.airbnb.com/s/Houston-TX?guests=4&room_types%5B%5D=Entire+home%2Fapt&page=5,180,,,,29.780293285582427,-95.39397916894629,No,,25,5,5,,,,,,,,,,,,,,,,,,,,,,,,,,,,,,,,,,,,,,,,,,,,,,,,,,,
8826452,2 X 2 High-rise Apartment,29578064,https://www.airbnb.com/s/Houston-TX?guests=4&room_types%5B%5D=Entire+home%2Fapt&page=5,179,,,,29.74000296118515,-95.46947126407693,No,,30,6,5,,,,,,,,,,,,,,,,,,,,,,,,,,,,,,,,,,,,,,,,,,,,,,,,,,,
5857567,Charming 1920s Montrose Bungalow,19250175,https://www.airbnb.com/s/Houston-TX?guests=4&room_types%5B%5D=Entire+home%2Fapt&page=5,106,,,,29.751640844197823,-95.39223568150133,No,,35,7,5,,,,,,,,,,,,,,,,,,,,,,,,,,,,,,,,,,,,,,,,,,,,,,,,,,,
6016411,ON RAIL CLOSE 2 MED CENTR & DOWNTOW,13775568,https://www.airbnb.com/s/Houston-TX?guests=4&room_types%5B%5D=Entire+home%2Fapt&page=5,117,,,,29.73826189570025,-95.3838382164515,No,,40,8,5,,,,,,,,,,,,,,,,,,,,,,,,,,,,,,,,,,,,,,,,,,,,,,,,,,,
7196606,Medical Center/Hermann Park,37081830,https://www.airbnb.com/s/Houston-TX?guests=4&room_types%5B%5D=Entire+home%2Fapt&page=5,250,,,,29.7181937160228,-95.37410852255701,No,,45,9,5,,,,,,,,,,,,,,,,,,,,,,,,,,,,,,,,,,,,,,,,,,,,,,,,,,,
11102537,Entire 4th floor and rooftop patio,45839555,https://www.airbnb.com/s/Houston-TX?guests=4&room_types%5B%5D=Entire+home%2Fapt&page=5,75,,,,29.770788091933504,-95.40452892838758,No,,50,10,5,,,,,,,,,,,,,,,,,,,,,,,,,,,,,,,,,,,,,,,,,,,,,,,,,,,
11221278,Galleria Getaway,22856555,https://www.airbnb.com/s/Houston-TX?guests=4&room_types%5B%5D=Entire+home%2Fapt&page=5,145,,,,29.742418718017944,-95.46426122194678,No,,55,11,5,,,,,,,,,,,,,,,,,,,,,,,,,,,,,,,,,,,,,,,,,,,,,,,,,,,
8236509,Rice U. Garden Gem near Med Center,148936,https://www.airbnb.com/s/Houston-TX?guests=4&room_types%5B%5D=Entire+home%2Fapt&page=5,95,,,,29.71471165037797,-95.41345663969356,No,,60,12,5,,,,,,,,,,,,,,,,,,,,,,,,,,,,,,,,,,,,,,,,,,,,,,,,,,,
8031870,Spacious and Gorgeous Houston Apt,15474274,https://www.airbnb.com/s/Houston-TX?guests=4&room_types%5B%5D=Entire+home%2Fapt&page=5,95,,,,29.734446901453556,-95.38505735090312,No,,65,13,5,,,,,,,,,,,,,,,,,,,,,,,,,,,,,,,,,,,,,,,,,,,,,,,,,,,
4663855,Bright Sun-filled 1BD w/Patio,114992,https://www.airbnb.com/s/Houston-TX?guests=4&room_types%5B%5D=Entire+home%2Fapt&page=5,114,,,,29.76962228976143,-95.40169132596984,No,,70,14,5,,,,,,,,,,,,,,,,,,,,,,,,,,,,,,,,,,,,,,,,,,,,,,,,,,,
7636733,Perfect Location for Houston Stay!!,1433068,https://www.airbnb.com/s/Houston-TX?guests=4&room_types%5B%5D=Entire+home%2Fapt&page=5,99,,,,29.79659567054634,-95.47869302852506,No,,75,15,5,,,,,,,,,,,,,,,,,,,,,,,,,,,,,,,,,,,,,,,,,,,,,,,,,,,
9928046,Energy Corridor charm,51033933,https://www.airbnb.com/s/Houston-TX?guests=4&room_types%5B%5D=Entire+home%2Fapt&page=5,89,,,,29.72508489957757,-95.61727407064106,No,,80,16,5,,,,,,,,,,,,,,,,,,,,,,,,,,,,,,,,,,,,,,,,,,,,,,,,,,,
12185685,Galleria Lofts Corporate Housing,10216006,https://www.airbnb.com/s/Houston-TX?guests=4&room_types%5B%5D=Entire+home%2Fapt&page=5,88,,,,29.729513399233962,-95.46354981889512,No,,85,17,5,,,,,,,,,,,,,,,,,,,,,,,,,,,,,,,,,,,,,,,,,,,,,,,,,,,
8577268,East Montrose Pied-Ã -Terre for 5,45141565,https://www.airbnb.com/s/Houston-TX?guests=4&room_types%5B%5D=Entire+home%2Fapt&page=5,179,,,,29.7484544834827,-95.38665437079048,No,,90,18,5,,,,,,,,,,,,,,,,,,,,,,,,,,,,,,,,,,,,,,,,,,,,,,,,,,,
12602200,"Downtown, UH, Museum, Med Ctr Home",11939080,https://www.airbnb.com/s/Houston-TX?guests=4&room_types%5B%5D=Entire+home%2Fapt&page=6,144,,,,29.724798255762394,-95.31974828262113,No,,6,1,6,,,,,,,,,,,,,,,,,,,,,,,,,,,,,,,,,,,,,,,,,,,,,,,,,,,
11548310,Beautiful 2b/2b mid-rise apartment,60958018,https://www.airbnb.com/s/Houston-TX?guests=4&room_types%5B%5D=Entire+home%2Fapt&page=6,140,,,,29.73297911400428,-95.43201147769189,No,,12,2,6,,,,,,,,,,,,,,,,,,,,,,,,,,,,,,,,,,,,,,,,,,,,,,,,,,,
1814982,Apartment walking distance to TMC,625367,https://www.airbnb.com/s/Houston-TX?guests=4&room_types%5B%5D=Entire+home%2Fapt&page=6,100,,,,29.700111838304764,-95.40883134301635,No,,18,3,6,,,,,,,,,,,,,,,,,,,,,,,,,,,,,,,,,,,,,,,,,,,,,,,,,,,
7858699,Townhouse 5' from Energy Corridor,41416477,https://www.airbnb.com/s/Houston-TX?guests=4&room_types%5B%5D=Entire+home%2Fapt&page=6,85,,,,29.774188504093125,-95.5995033574138,No,,24,4,6,,,,,,,,,,,,,,,,,,,,,,,,,,,,,,,,,,,,,,,,,,,,,,,,,,,
8067296,Washington Ave Townhome/Huge Yard,42608666,https://www.airbnb.com/s/Houston-TX?guests=4&room_types%5B%5D=Entire+home%2Fapt&page=6,295,,,,29.774062255268863,-95.41890216772596,No,,30,5,6,,,,,,,,,,,,,,,,,,,,,,,,,,,,,,,,,,,,,,,,,,,,,,,,,,,
12447711,Spacious East Downtown Bungalow,22064008,https://www.airbnb.com/s/Houston-TX?guests=4&room_types%5B%5D=Entire+home%2Fapt&page=6,30,,,,29.736120853882024,-95.32388658944129,No,,36,6,6,,,,,,,,,,,,,,,,,,,,,,,,,,,,,,,,,,,,,,,,,,,,,,,,,,,
2325113,Museum District Loft,7478073,https://www.airbnb.com/s/Houston-TX?guests=4&room_types%5B%5D=Entire+home%2Fapt&page=6,160,,,,29.73095532595841,-95.3806986731292,No,,42,7,6,,,,,,,,,,,,,,,,,,,,,,,,,,,,,,,,,,,,,,,,,,,,,,,,,,,
3946938,Downtown Convention Center Area  ,419501,https://www.airbnb.com/s/Houston-TX?guests=4&room_types%5B%5D=Entire+home%2Fapt&page=6,150,,,,29.753149754112197,-95.35297158509866,No,,48,8,6,,,,,,,,,,,,,,,,,,,,,,,,,,,,,,,,,,,,,,,,,,,,,,,,,,,
9758849,The French House; Museums & Med Cen,12679801,https://www.airbnb.com/s/Houston-TX?guests=4&room_types%5B%5D=Entire+home%2Fapt&page=6,350,,,,29.719141993370275,-95.37655237337589,No,,54,9,6,,,,,,,,,,,,,,,,,,,,,,,,,,,,,,,,,,,,,,,,,,,,,,,,,,,
9977868,Writer's Loft,4580663,https://www.airbnb.com/s/Houston-TX?guests=4&room_types%5B%5D=Entire+home%2Fapt&page=6,67,,,,29.740961802273137,-95.40299253678626,No,,60,10,6,,,,,,,,,,,,,,,,,,,,,,,,,,,,,,,,,,,,,,,,,,,,,,,,,,,
7807067,Modern Montrose Condo,13654054,https://www.airbnb.com/s/Houston-TX?guests=4&room_types%5B%5D=Entire+home%2Fapt&page=6,118,,,,29.735788516740673,-95.39199377492889,No,,66,11,6,,,,,,,,,,,,,,,,,,,,,,,,,,,,,,,,,,,,,,,,,,,,,,,,,,,
4987293,Great Townhouse in Midtown,11241551,https://www.airbnb.com/s/Houston-TX?guests=4&room_types%5B%5D=Entire+home%2Fapt&page=6,145,,,,29.750462349683644,-95.38380664326277,No,,72,12,6,,,,,,,,,,,,,,,,,,,,,,,,,,,,,,,,,,,,,,,,,,,,,,,,,,,
12367616,Luxury Tree House Apartment,66265535,https://www.airbnb.com/s/Houston-TX?guests=4&room_types%5B%5D=Entire+home%2Fapt&page=6,150,,,,29.773570019421573,-95.39490424688923,No,,78,13,6,,,,,,,,,,,,,,,,,,,,,,,,,,,,,,,,,,,,,,,,,,,,,,,,,,,
1327740,Heart of the Houston Galleria,7205595,https://www.airbnb.com/s/Houston-TX?guests=4&room_types%5B%5D=Entire+home%2Fapt&page=6,110,,,,29.742708871907148,-95.46345573773571,No,,84,14,6,,,,,,,,,,,,,,,,,,,,,,,,,,,,,,,,,,,,,,,,,,,,,,,,,,,
9095357,Ranch Style Retreat near NRG,34039857,https://www.airbnb.com/s/Houston-TX?guests=4&room_types%5B%5D=Entire+home%2Fapt&page=6,150,,,,29.65164411253391,-95.48662484851161,No,,90,15,6,,,,,,,,,,,,,,,,,,,,,,,,,,,,,,,,,,,,,,,,,,,,,,,,,,,
11534330,Super Nice Medical Center Apartment,30710190,https://www.airbnb.com/s/Houston-TX?guests=4&room_types%5B%5D=Entire+home%2Fapt&page=6,100,,,,29.700714555096145,-95.40634740614513,No,,96,16,6,,,,,,,,,,,,,,,,,,,,,,,,,,,,,,,,,,,,,,,,,,,,,,,,,,,
6894919,Beautiful Quiet - Galleria 610 area,34773668,https://www.airbnb.com/s/Houston-TX?guests=4&room_types%5B%5D=Entire+home%2Fapt&page=6,120,,,,29.745919257607127,-95.50333122612307,No,,102,17,6,,,,,,,,,,,,,,,,,,,,,,,,,,,,,,,,,,,,,,,,,,,,,,,,,,,
5250771,Spacious home in Montrose,22924046,https://www.airbnb.com/s/Houston-TX?guests=4&room_types%5B%5D=Entire+home%2Fapt&page=6,119,,,,29.74466440467184,-95.4039690558919,No,,108,18,6,,,,,,,,,,,,,,,,,,,,,,,,,,,,,,,,,,,,,,,,,,,,,,,,,,,
5945476,"Huge, Walkable Texas 3BR/3bath",9131137,https://www.airbnb.com/s/Houston-TX?guests=4&room_types%5B%5D=Entire+home%2Fapt&page=7,147,,,,29.770576593638808,-95.41851346518119,No,,7,1,7,,,,,,,,,,,,,,,,,,,,,,,,,,,,,,,,,,,,,,,,,,,,,,,,,,,
5072026,Chic Midtown Home on Light Rail,114992,https://www.airbnb.com/s/Houston-TX?guests=4&room_types%5B%5D=Entire+home%2Fapt&page=7,109,,,,29.742970644516813,-95.37724074184406,No,,14,2,7,,,,,,,,,,,,,,,,,,,,,,,,,,,,,,,,,,,,,,,,,,,,,,,,,,,
11141925,Bungalow in the Heights- old 6 ward,53308378,https://www.airbnb.com/s/Houston-TX?guests=4&room_types%5B%5D=Entire+home%2Fapt&page=7,95,,,,29.768533848226102,-95.38152194395835,No,,21,3,7,,,,,,,,,,,,,,,,,,,,,,,,,,,,,,,,,,,,,,,,,,,,,,,,,,,
12230700,Luxury Executive Apartment Houston3,64361314,https://www.airbnb.com/s/Houston-TX?guests=4&room_types%5B%5D=Entire+home%2Fapt&page=7,89,,,,29.54065656093478,-95.05784854631602,No,,28,4,7,,,,,,,,,,,,,,,,,,,,,,,,,,,,,,,,,,,,,,,,,,,,,,,,,,,
12388861,Luxurious apartment in Med. Center!,66980584,https://www.airbnb.com/s/Houston-TX?guests=4&room_types%5B%5D=Entire+home%2Fapt&page=7,95,,,,29.68881737006474,-95.4033899007733,No,,35,5,7,,,,,,,,,,,,,,,,,,,,,,,,,,,,,,,,,,,,,,,,,,,,,,,,,,,
7844341,Luxury 3/3.5 Med Center NRG area,41335520,https://www.airbnb.com/s/Houston-TX?guests=4&room_types%5B%5D=Entire+home%2Fapt&page=7,129,,,,29.68267441001112,-95.42067789551169,No,,42,6,7,,,,,,,,,,,,,,,,,,,,,,,,,,,,,,,,,,,,,,,,,,,,,,,,,,,
9976096,2 Bedroom Apartment in Hip Montrose,40000019,https://www.airbnb.com/s/Houston-TX?guests=4&room_types%5B%5D=Entire+home%2Fapt&page=7,89,,,,29.74390173304856,-95.40699520145093,No,,49,7,7,,,,,,,,,,,,,,,,,,,,,,,,,,,,,,,,,,,,,,,,,,,,,,,,,,,
4867322,Museum District/Med Center Comfort,2295596,https://www.airbnb.com/s/Houston-TX?guests=4&room_types%5B%5D=Entire+home%2Fapt&page=7,165,,,,29.72271653923709,-95.3753493879379,No,,56,8,7,,,,,,,,,,,,,,,,,,,,,,,,,,,,,,,,,,,,,,,,,,,,,,,,,,,
10001316,Neat Condo in Medical Center Area,51378565,https://www.airbnb.com/s/Houston-TX?guests=4&room_types%5B%5D=Entire+home%2Fapt&page=7,100,,,,29.69467040864321,-95.3953456891167,No,,63,9,7,,,,,,,,,,,,,,,,,,,,,,,,,,,,,,,,,,,,,,,,,,,,,,,,,,,
5210642,Charming Montrose Apartment,24620731,https://www.airbnb.com/s/Houston-TX?guests=4&room_types%5B%5D=Entire+home%2Fapt&page=7,125,,,,29.732976599735903,-95.38867431935861,No,,70,10,7,,,,,,,,,,,,,,,,,,,,,,,,,,,,,,,,,,,,,,,,,,,,,,,,,,,
5551107,Modern 2 Bedroom/2.5 Bath Townhome,519465,https://www.airbnb.com/s/Houston-TX?guests=4&room_types%5B%5D=Entire+home%2Fapt&page=7,107,,,,29.73729331490501,-95.49270683548754,No,,77,11,7,,,,,,,,,,,,,,,,,,,,,,,,,,,,,,,,,,,,,,,,,,,,,,,,,,,
7325061,Amazing Med Center Apartment 310,28410536,https://www.airbnb.com/s/Houston-TX?guests=4&room_types%5B%5D=Entire+home%2Fapt&page=7,95,,,,29.699006159897827,-95.42040719058276,No,,84,12,7,,,,,,,,,,,,,,,,,,,,,,,,,,,,,,,,,,,,,,,,,,,,,,,,,,,
9012879,Heart of Montrose 2B/2B Townhome!,47061837,https://www.airbnb.com/s/Houston-TX?guests=4&room_types%5B%5D=Entire+home%2Fapt&page=7,159,,,,29.746662697103634,-95.38452630975229,No,,91,13,7,,,,,,,,,,,,,,,,,,,,,,,,,,,,,,,,,,,,,,,,,,,,,,,,,,,
6129785,Condo Houston Medical Center,25466830,https://www.airbnb.com/s/Houston-TX?guests=4&room_types%5B%5D=Entire+home%2Fapt&page=7,108,,,,29.69661508946299,-95.4016619222037,No,,98,14,7,,,,,,,,,,,,,,,,,,,,,,,,,,,,,,,,,,,,,,,,,,,,,,,,,,,
10996936,"West U, Private 2Br, 2Ba w/ parking",29226925,https://www.airbnb.com/s/Houston-TX?guests=4&room_types%5B%5D=Entire+home%2Fapt&page=7,92,,,,29.727632880472182,-95.44096919547154,No,,105,15,7,,,,,,,,,,,,,,,,,,,,,,,,,,,,,,,,,,,,,,,,,,,,,,,,,,,
12110682,Bright Modern Condo nearNRG Stadium,29089150,https://www.airbnb.com/s/Houston-TX?guests=4&room_types%5B%5D=Entire+home%2Fapt&page=7,400,,,,29.698281884654875,-95.38938096244617,No,,112,16,7,,,,,,,,,,,,,,,,,,,,,,,,,,,,,,,,,,,,,,,,,,,,,,,,,,,
9594856,Museum District/Med Center Elegance,2295596,https://www.airbnb.com/s/Houston-TX?guests=4&room_types%5B%5D=Entire+home%2Fapt&page=7,190,,,,29.72191292134636,-95.37205652982232,No,,119,17,7,,,,,,,,,,,,,,,,,,,,,,,,,,,,,,,,,,,,,,,,,,,,,,,,,,,
6347408,Houston Medical Centre new Townhome,33059848,https://www.airbnb.com/s/Houston-TX?guests=4&room_types%5B%5D=Entire+home%2Fapt&page=7,229,,,,29.71073145781699,-95.3825119628851,No,,126,18,7,,,,,,,,,,,,,,,,,,,,,,,,,,,,,,,,,,,,,,,,,,,,,,,,,,,
11944350,"Great, large home near everything!",31219729,https://www.airbnb.com/s/Houston-TX?guests=4&room_types%5B%5D=Entire+home%2Fapt&page=8,1250,,,,29.72844611319904,-95.40027166990188,No,,8,1,8,,,,,,,,,,,,,,,,,,,,,,,,,,,,,,,,,,,,,,,,,,,,,,,,,,,
4941515,Condo in the Heart of the Galleria ,25466830,https://www.airbnb.com/s/Houston-TX?guests=4&room_types%5B%5D=Entire+home%2Fapt&page=8,105,,,,29.744432941538058,-95.46456707985367,No,,16,2,8,,,,,,,,,,,,,,,,,,,,,,,,,,,,,,,,,,,,,,,,,,,,,,,,,,,
12085903,Carriage House in Houston Heights,46645872,https://www.airbnb.com/s/Houston-TX?guests=4&room_types%5B%5D=Entire+home%2Fapt&page=8,120,,,,29.80048023845857,-95.39645264302396,No,,24,3,8,,,,,,,,,,,,,,,,,,,,,,,,,,,,,,,,,,,,,,,,,,,,,,,,,,,
11277896,Walkable Heights Guest Flat 1BR/1BH,58896449,https://www.airbnb.com/s/Houston-TX?guests=4&room_types%5B%5D=Entire+home%2Fapt&page=8,140,,,,29.783909938424703,-95.38761490006213,No,,32,4,8,,,,,,,,,,,,,,,,,,,,,,,,,,,,,,,,,,,,,,,,,,,,,,,,,,,
6028305,Galleria west very large apartment,31287658,https://www.airbnb.com/s/Houston-TX?guests=4&room_types%5B%5D=Entire+home%2Fapt&page=8,195,,,,29.7213487151288,-95.54325141016032,No,,40,5,8,,,,,,,,,,,,,,,,,,,,,,,,,,,,,,,,,,,,,,,,,,,,,,,,,,,
5978182,Montrose Cottage with pool &hot tub,31035363,https://www.airbnb.com/s/Houston-TX?guests=4&room_types%5B%5D=Entire+home%2Fapt&page=8,190,,,,29.742721309910245,-95.39565664535968,No,,48,6,8,,,,,,,,,,,,,,,,,,,,,,,,,,,,,,,,,,,,,,,,,,,,,,,,,,,
11380441,1-bedroom apt in great location,9571039,https://www.airbnb.com/s/Houston-TX?guests=4&room_types%5B%5D=Entire+home%2Fapt&page=8,70,,,,29.738996522610513,-95.41316756097676,No,,56,7,8,,,,,,,,,,,,,,,,,,,,,,,,,,,,,,,,,,,,,,,,,,,,,,,,,,,
8885558,Nice 2x2  High-Rise Apartment,29578064,https://www.airbnb.com/s/Houston-TX?guests=4&room_types%5B%5D=Entire+home%2Fapt&page=8,180,,,,29.744591306882683,-95.46420546540779,No,,64,8,8,,,,,,,,,,,,,,,,,,,,,,,,,,,,,,,,,,,,,,,,,,,,,,,,,,,
7207235,Modern house in newer neighborhood,19352015,https://www.airbnb.com/s/Houston-TX?guests=4&room_types%5B%5D=Entire+home%2Fapt&page=8,90,,,,29.618719398070823,-95.4123529739646,No,,72,9,8,,,,,,,,,,,,,,,,,,,,,,,,,,,,,,,,,,,,,,,,,,,,,,,,,,,
12842075,"River Oaks Apt, great location 2/2",9522598,https://www.airbnb.com/s/Houston-TX?guests=4&room_types%5B%5D=Entire+home%2Fapt&page=8,75,,,,29.743306876549337,-95.41645093208616,No,,80,10,8,,,,,,,,,,,,,,,,,,,,,,,,,,,,,,,,,,,,,,,,,,,,,,,,,,,
6166415,Montrose Secluded Studio #2,22814626,https://www.airbnb.com/s/Houston-TX?guests=4&room_types%5B%5D=Entire+home%2Fapt&page=8,80,,,,29.74786989291395,-95.38437557826413,No,,88,11,8,,,,,,,,,,,,,,,,,,,,,,,,,,,,,,,,,,,,,,,,,,,,,,,,,,,
5067703,"Apartment at Medical Center, NRG",26168561,https://www.airbnb.com/s/Houston-TX?guests=4&room_types%5B%5D=Entire+home%2Fapt&page=8,95,,,,29.698604867496684,-95.4180641918868,No,,96,12,8,,,,,,,,,,,,,,,,,,,,,,,,,,,,,,,,,,,,,,,,,,,,,,,,,,,
4324477,4 BR Large Home 15 min 4m Downtown,11048569,https://www.airbnb.com/s/Houston-TX?guests=4&room_types%5B%5D=Entire+home%2Fapt&page=8,250,,,,29.810199600131142,-95.1683785752144,No,,104,13,8,,,,,,,,,,,,,,,,,,,,,,,,,,,,,,,,,,,,,,,,,,,,,,,,,,,
12085107,Tastefully furnished Condo,64735818,https://www.airbnb.com/s/Houston-TX?guests=4&room_types%5B%5D=Entire+home%2Fapt&page=8,150,,,,29.69895305906987,-95.56554676954454,No,,112,14,8,,,,,,,,,,,,,,,,,,,,,,,,,,,,,,,,,,,,,,,,,,,,,,,,,,,
5666702,Heights Bungalow: Edge of Downtown,29289253,https://www.airbnb.com/s/Houston-TX?guests=4&room_types%5B%5D=Entire+home%2Fapt&page=8,185,,,,29.78426084772657,-95.37847895474539,No,,120,15,8,,,,,,,,,,,,,,,,,,,,,,,,,,,,,,,,,,,,,,,,,,,,,,,,,,,
6561281,"Luxury, Work, Play, Rest, Romance!",11939080,https://www.airbnb.com/s/Houston-TX?guests=4&room_types%5B%5D=Entire+home%2Fapt&page=8,298,,,,29.791603896710956,-95.47441081244695,No,,128,16,8,,,,,,,,,,,,,,,,,,,,,,,,,,,,,,,,,,,,,,,,,,,,,,,,,,,
12041966,Comfortable Midtown Townhome,22589601,https://www.airbnb.com/s/Houston-TX?guests=4&room_types%5B%5D=Entire+home%2Fapt&page=8,350,,,,29.74012185884772,-95.36897295052772,No,,136,17,8,,,,,,,,,,,,,,,,,,,,,,,,,,,,,,,,,,,,,,,,,,,,,,,,,,,
9543222,Spacious Pool/View Condo #1137,11290387,https://www.airbnb.com/s/Houston-TX?guests=4&room_types%5B%5D=Entire+home%2Fapt&page=8,99,,,,29.776888482889287,-95.39162235722283,No,,144,18,8,,,,,,,,,,,,,,,,,,,,,,,,,,,,,,,,,,,,,,,,,,,,,,,,,,,
11374268,Entire Modern Townhouse in Midtown,18929801,https://www.airbnb.com/s/Houston-TX?guests=4&room_types%5B%5D=Entire+home%2Fapt&page=9,192,,,,29.73877843995756,-95.3677748808657,No,,9,1,9,,,,,,,,,,,,,,,,,,,,,,,,,,,,,,,,,,,,,,,,,,,,,,,,,,,
12089509,Inner Loop Apartment near NRG,59152463,https://www.airbnb.com/s/Houston-TX?guests=4&room_types%5B%5D=Entire+home%2Fapt&page=9,80,,,,29.684947334068053,-95.43186400788552,No,,18,2,9,,,,,,,,,,,,,,,,,,,,,,,,,,,,,,,,,,,,,,,,,,,,,,,,,,,
2294638,Lovely Galleria Townhome - Welcome!,1380783,https://www.airbnb.com/s/Houston-TX?guests=4&room_types%5B%5D=Entire+home%2Fapt&page=9,101,,,,29.729543239549383,-95.48162905001331,No,,27,3,9,,,,,,,,,,,,,,,,,,,,,,,,,,,,,,,,,,,,,,,,,,,,,,,,,,,
4629165,Single Level in Montrose No Carpet,10493254,https://www.airbnb.com/s/Houston-TX?guests=4&room_types%5B%5D=Entire+home%2Fapt&page=9,160,,,,29.748946888287556,-95.40145106439311,No,,36,4,9,,,,,,,,,,,,,,,,,,,,,,,,,,,,,,,,,,,,,,,,,,,,,,,,,,,
12708955,Comfortable apartment in Houston,69088625,https://www.airbnb.com/s/Houston-TX?guests=4&room_types%5B%5D=Entire+home%2Fapt&page=9,100,,,,29.762629176045838,-95.47862089057553,No,,45,5,9,,,,,,,,,,,,,,,,,,,,,,,,,,,,,,,,,,,,,,,,,,,,,,,,,,,
3960318,Modern House in the Art District,14675501,https://www.airbnb.com/s/Houston-TX?guests=4&room_types%5B%5D=Entire+home%2Fapt&page=9,385,,,,29.772015522301217,-95.36943897506497,No,,54,6,9,,,,,,,,,,,,,,,,,,,,,,,,,,,,,,,,,,,,,,,,,,,,,,,,,,,
10105475,Great Cozy apartment 2bed/2bath,43179334,https://www.airbnb.com/s/Houston-TX?guests=4&room_types%5B%5D=Entire+home%2Fapt&page=9,130,,,,29.687837311571805,-95.40363903574601,No,,63,7,9,,,,,,,,,,,,,,,,,,,,,,,,,,,,,,,,,,,,,,,,,,,,,,,,,,,
9383556,2BD Galleria Corporate Suite - #206,4333756,https://www.airbnb.com/s/Houston-TX?guests=4&room_types%5B%5D=Entire+home%2Fapt&page=9,100,,,,29.73645883169218,-95.45814288282459,No,,72,8,9,,,,,,,,,,,,,,,,,,,,,,,,,,,,,,,,,,,,,,,,,,,,,,,,,,,
5857293,Center of Chinatown! FREE PARKING!!,28469813,https://www.airbnb.com/s/Houston-TX?guests=4&room_types%5B%5D=Entire+home%2Fapt&page=9,55,,,,29.705255047677213,-95.54548998028925,No,,81,9,9,,,,,,,,,,,,,,,,,,,,,,,,,,,,,,,,,,,,,,,,,,,,,,,,,,,
11422518,River Oaks Sanctuary,59849996,https://www.airbnb.com/s/Houston-TX?guests=4&room_types%5B%5D=Entire+home%2Fapt&page=9,299,,,,29.744533300236768,-95.45084800185252,No,,90,10,9,,,,,,,,,,,,,,,,,,,,,,,,,,,,,,,,,,,,,,,,,,,,,,,,,,,
12731044,Nice house in quiet cul-de-sac,69226315,https://www.airbnb.com/s/Houston-TX?guests=4&room_types%5B%5D=Entire+home%2Fapt&page=9,100,,,,29.81414731820254,-95.70524989305234,No,,99,11,9,,,,,,,,,,,,,,,,,,,,,,,,,,,,,,,,,,,,,,,,,,,,,,,,,,,
12796994,medical center apt's/1023,49823126,https://www.airbnb.com/s/Houston-TX?guests=4&room_types%5B%5D=Entire+home%2Fapt&page=9,110,,,,29.700466057001,-95.40710827165658,No,,108,12,9,,,,,,,,,,,,,,,,,,,,,,,,,,,,,,,,,,,,,,,,,,,,,,,,,,,
11281978,Cozy Galleria Condo - Summer Fun,52300223,https://www.airbnb.com/s/Houston-TX?guests=4&room_types%5B%5D=Entire+home%2Fapt&page=9,150,,,,29.74122621313467,-95.46338236658812,No,,117,13,9,,,,,,,,,,,,,,,,,,,,,,,,,,,,,,,,,,,,,,,,,,,,,,,,,,,
7440072,Spacious gated townhome,16054216,https://www.airbnb.com/s/Houston-TX?guests=4&room_types%5B%5D=Entire+home%2Fapt&page=9,125,,,,29.730324214027682,-95.64152793291224,No,,126,14,9,,,,,,,,,,,,,,,,,,,,,,,,,,,,,,,,,,,,,,,,,,,,,,,,,,,
1267201,Multiple Bedrooms in Cozy Home ,635680,https://www.airbnb.com/s/Houston-TX?guests=4&room_types%5B%5D=Entire+home%2Fapt&page=9,105,,,,29.93195514407976,-95.58073192930928,No,,135,15,9,,,,,,,,,,,,,,,,,,,,,,,,,,,,,,,,,,,,,,,,,,,,,,,,,,,
11418556,Superbowl Pad in Midtown,59961303,https://www.airbnb.com/s/Houston-TX?guests=4&room_types%5B%5D=Entire+home%2Fapt&page=9,1500,,,,29.749222183071158,-95.38253799939328,No,,144,16,9,,,,,,,,,,,,,,,,,,,,,,,,,,,,,,,,,,,,,,,,,,,,,,,,,,,
11184057,2bed/2bath Downtown Highrise,58211030,https://www.airbnb.com/s/Houston-TX?guests=4&room_types%5B%5D=Entire+home%2Fapt&page=9,146,,,,29.75112417568982,-95.36916323598714,No,,153,17,9,,,,,,,,,,,,,,,,,,,,,,,,,,,,,,,,,,,,,,,,,,,,,,,,,,,
8171201,Modernized Condo in River Oaks,42172717,https://www.airbnb.com/s/Houston-TX?guests=4&room_types%5B%5D=Entire+home%2Fapt&page=9,132,,,,29.758833278728837,-95.39796012447005,No,,162,18,9,,,,,,,,,,,,,,,,,,,,,,,,,,,,,,,,,,,,,,,,,,,,,,,,,,,
11361001,"Concord International, Fountains 2",58374914,https://www.airbnb.com/s/Houston-TX?guests=4&room_types%5B%5D=Entire+home%2Fapt&page=10,125,,,,29.677063405485736,-95.39548397269873,No,,10,1,10,,,,,,,,,,,,,,,,,,,,,,,,,,,,,,,,,,,,,,,,,,,,,,,,,,,
7440147,Luxury Mid Rise Galleria Area 529,34614825,https://www.airbnb.com/s/Houston-TX?guests=4&room_types%5B%5D=Entire+home%2Fapt&page=10,175,,,,29.742712179738938,-95.4630394255901,No,,20,2,10,,,,,,,,,,,,,,,,,,,,,,,,,,,,,,,,,,,,,,,,,,,,,,,,,,,
10367143,Cozy 2br 2bath Private Condo,53291995,https://www.airbnb.com/s/Houston-TX?guests=4&room_types%5B%5D=Entire+home%2Fapt&page=10,75,,,,29.66461987724633,-95.52580809156548,No,,30,3,10,,,,,,,,,,,,,,,,,,,,,,,,,,,,,,,,,,,,,,,,,,,,,,,,,,,
12498752,Lofty luxury midtown apartment!,31876274,https://www.airbnb.com/s/Houston-TX?guests=4&room_types%5B%5D=Entire+home%2Fapt&page=10,90,,,,29.753194421247496,-95.37614465342317,No,,40,4,10,,,,,,,,,,,,,,,,,,,,,,,,,,,,,,,,,,,,,,,,,,,,,,,,,,,
12113975,Charming Home in Riverside Terrace,64975837,https://www.airbnb.com/s/Houston-TX?guests=4&room_types%5B%5D=Entire+home%2Fapt&page=10,247,,,,29.722195253655038,-95.3717161784659,No,,50,5,10,,,,,,,,,,,,,,,,,,,,,,,,,,,,,,,,,,,,,,,,,,,,,,,,,,,
8556189,A Warm Houston Home - Galleria Area,34615079,https://www.airbnb.com/s/Houston-TX?guests=4&room_types%5B%5D=Entire+home%2Fapt&page=10,168,,,,29.74237939470187,-95.46352161939565,No,,60,6,10,,,,,,,,,,,,,,,,,,,,,,,,,,,,,,,,,,,,,,,,,,,,,,,,,,,
12656468,Washington Corridor Apartment :),68692070,https://www.airbnb.com/s/Houston-TX?guests=4&room_types%5B%5D=Entire+home%2Fapt&page=10,135,,,,29.76792117417647,-95.38237839718289,No,,70,7,10,,,,,,,,,,,,,,,,,,,,,,,,,,,,,,,,,,,,,,,,,,,,,,,,,,,
7804200,Galleria/fully furnished/Bills Paid,41078416,https://www.airbnb.com/s/Houston-TX?guests=4&room_types%5B%5D=Entire+home%2Fapt&page=10,99,,,,29.781527622865845,-95.45742427350697,No,,80,8,10,,,,,,,,,,,,,,,,,,,,,,,,,,,,,,,,,,,,,,,,,,,,,,,,,,,
5857120,Center of Chinatown! FREE PARKING!!,28469813,https://www.airbnb.com/s/Houston-TX?guests=4&room_types%5B%5D=Entire+home%2Fapt&page=10,52,,,,29.705413261188394,-95.54584685359261,No,,90,9,10,,,,,,,,,,,,,,,,,,,,,,,,,,,,,,,,,,,,,,,,,,,,,,,,,,,
10682348,Downtown Townhouse,55181827,https://www.airbnb.com/s/Houston-TX?guests=4&room_types%5B%5D=Entire+home%2Fapt&page=10,175,,,,29.767523292285265,-95.37405202053462,No,,100,10,10,,,,,,,,,,,,,,,,,,,,,,,,,,,,,,,,,,,,,,,,,,,,,,,,,,,
9568668,Downtown View 2B/2B Modern Townhome,44646818,https://www.airbnb.com/s/Houston-TX?guests=4&room_types%5B%5D=Entire+home%2Fapt&page=10,149,,,,29.775051106198173,-95.36695042266257,No,,110,11,10,,,,,,,,,,,,,,,,,,,,,,,,,,,,,,,,,,,,,,,,,,,,,,,,,,,
10615559,"MD Anderson , NRG - Shuttle Service",10216006,https://www.airbnb.com/s/Houston-TX?guests=4&room_types%5B%5D=Entire+home%2Fapt&page=10,125,,,,29.700121007081947,-95.41955828408871,No,,120,12,10,,,,,,,,,,,,,,,,,,,,,,,,,,,,,,,,,,,,,,,,,,,,,,,,,,,
4638443,"Historic Midtown Condo, 2BR",11048569,https://www.airbnb.com/s/Houston-TX?guests=4&room_types%5B%5D=Entire+home%2Fapt&page=10,150,,,,29.732424316728736,-95.37994780296549,No,,130,13,10,,,,,,,,,,,,,,,,,,,,,,,,,,,,,,,,,,,,,,,,,,,,,,,,,,,
12126476,Luxury Rental - Ideal Location,49390100,https://www.airbnb.com/s/Houston-TX?guests=4&room_types%5B%5D=Entire+home%2Fapt&page=10,850,,,,29.740498002548584,-95.41668105241123,No,,140,14,10,,,,,,,,,,,,,,,,,,,,,,,,,,,,,,,,,,,,,,,,,,,,,,,,,,,
9927218,Spacious Medical Center Townhome,51029399,https://www.airbnb.com/s/Houston-TX?guests=4&room_types%5B%5D=Entire+home%2Fapt&page=10,125,,,,29.69688136671003,-95.3911514690238,No,,150,15,10,,,,,,,,,,,,,,,,,,,,,,,,,,,,,,,,,,,,,,,,,,,,,,,,,,,
9138055,ENTIRE APARTMENT AT MEDICAL CENTER,35344586,https://www.airbnb.com/s/Houston-TX?guests=4&room_types%5B%5D=Entire+home%2Fapt&page=10,110,,,,29.69933639883687,-95.40541170232702,No,,160,16,10,,,,,,,,,,,,,,,,,,,,,,,,,,,,,,,,,,,,,,,,,,,,,,,,,,,
12518239,Huge Family Friendly B and B,15120327,https://www.airbnb.com/s/Houston-TX?guests=4&room_types%5B%5D=Entire+home%2Fapt&page=10,79,,,,29.549181303161628,-95.69273911901979,No,,170,17,10,,,,,,,,,,,,,,,,,,,,,,,,,,,,,,,,,,,,,,,,,,,,,,,,,,,
10697923,The Boulevard Carriage House,21602881,https://www.airbnb.com/s/Houston-TX?guests=4&room_types%5B%5D=Entire+home%2Fapt&page=10,110,,,,29.795298195912082,-95.39817573087143,No,,180,18,10,,,,,,,,,,,,,,,,,,,,,,,,,,,,,,,,,,,,,,,,,,,,,,,,,,,
